{"0": {"precision": 0.90625, "recall": 0.8285714285714286, "f1-score": 0.8656716417910447, "support": 35}, "1": {"precision": 0.7857142857142857, "recall": 0.88, "f1-score": 0.830188679245283, "support": 25}, "accuracy": 0.85, "macro avg": {"precision": 0.8459821428571428, "recall": 0.8542857142857143, "f1-score": 0.8479301605181638, "support": 60}, "weighted avg": {"precision": 0.8560267857142857, "recall": 0.85, "f1-score": 0.8508870740636439, "support": 60}}