{"0": {"precision": 0.8709677419354839, "recall": 0.7714285714285715, "f1-score": 0.8181818181818182, "support": 35}, "1": {"precision": 0.7241379310344828, "recall": 0.84, "f1-score": 0.7777777777777777, "support": 25}, "accuracy": 0.8, "macro avg": {"precision": 0.7975528364849833, "recall": 0.8057142857142857, "f1-score": 0.797979797979798, "support": 60}, "weighted avg": {"precision": 0.8097886540600666, "recall": 0.8, "f1-score": 0.8013468013468014, "support": 60}}